hero1,hero2
NOVA,HULK
NOVA,SPIDER-MAN
SPIDER-MAN,HULK
QUICKSILVER,WASP
QUICKSILVER,SILVER SURFER
QUICKSILVER,HAWK
QUICKSILVER,SCARLET WITCH
QUICKSILVER,IRON MAN
IRON MAN,WASP
IRON MAN,SILVER SURFER
IRON MAN,HAWK
IRON MAN,SCARLET WITCH
SCARLET WITCH,WASP
SCARLET WITCH,SILVER SURFER
SCARLET WITCH,HAWK
HAWK,WASP
HAWK,SILVER SURFER
SILVER SURFER,WASP
CYCLOPS,CAPTAIN AMERICA
CYCLOPS,NOVA
CYCLOPS,WONDER MAN
CYCLOPS,WOLVERINE
CYCLOPS,SHE-HULK
CYCLOPS,SILVER SURFER
CYCLOPS,VISION
CYCLOPS,MARVEL GIRL
CYCLOPS,STORM
CYCLOPS,MR. FANTASTIC
CYCLOPS,ANGEL
CYCLOPS,IRON MAN
CYCLOPS,BLACK PANTHER
CYCLOPS,SCARLET WITCH
CYCLOPS,THING
CYCLOPS,INVISIBLE WOMAN
CYCLOPS,PUNISHER II
CYCLOPS,HULK
CYCLOPS,BEAST
BEAST,CAPTAIN AMERICA
BEAST,NOVA
BEAST,WONDER MAN
BEAST,WOLVERINE
BEAST,SHE-HULK
BEAST,SILVER SURFER
BEAST,VISION
BEAST,MARVEL GIRL
BEAST,STORM
BEAST,MR. FANTASTIC
BEAST,ANGEL
BEAST,IRON MAN
BEAST,BLACK PANTHER
BEAST,SCARLET WITCH
BEAST,THING
BEAST,INVISIBLE WOMAN
BEAST,PUNISHER II
BEAST,HULK
HULK,CAPTAIN AMERICA
HULK,NOVA
HULK,WONDER MAN
HULK,WOLVERINE
HULK,SHE-HULK
HULK,SILVER SURFER
HULK,VISION
HULK,MARVEL GIRL
HULK,STORM
HULK,MR. FANTASTIC
HULK,ANGEL
HULK,IRON MAN
HULK,BLACK PANTHER
HULK,SCARLET WITCH
HULK,THING
HULK,INVISIBLE WOMAN
HULK,PUNISHER II
PUNISHER II,CAPTAIN AMERICA
PUNISHER II,NOVA
PUNISHER II,WONDER MAN
PUNISHER II,WOLVERINE
PUNISHER II,SHE-HULK
PUNISHER II,SILVER SURFER
PUNISHER II,VISION
PUNISHER II,MARVEL GIRL
PUNISHER II,STORM
PUNISHER II,MR. FANTASTIC
PUNISHER II,ANGEL
PUNISHER II,IRON MAN
PUNISHER II,BLACK PANTHER
PUNISHER II,SCARLET WITCH
PUNISHER II,THING
PUNISHER II,INVISIBLE WOMAN
INVISIBLE WOMAN,CAPTAIN AMERICA
INVISIBLE WOMAN,NOVA
INVISIBLE WOMAN,WONDER MAN
INVISIBLE WOMAN,WOLVERINE
INVISIBLE WOMAN,SHE-HULK
INVISIBLE WOMAN,SILVER SURFER
INVISIBLE WOMAN,VISION
INVISIBLE WOMAN,MARVEL GIRL
INVISIBLE WOMAN,STORM
INVISIBLE WOMAN,MR. FANTASTIC
INVISIBLE WOMAN,ANGEL
INVISIBLE WOMAN,IRON MAN
INVISIBLE WOMAN,BLACK PANTHER
INVISIBLE WOMAN,SCARLET WITCH
INVISIBLE WOMAN,THING
THING,CAPTAIN AMERICA
THING,NOVA
THING,WONDER MAN
THING,WOLVERINE
THING,SHE-HULK
THING,SILVER SURFER
THING,VISION
THING,MARVEL GIRL
THING,STORM
THING,MR. FANTASTIC
THING,ANGEL
THING,IRON MAN
THING,BLACK PANTHER
THING,SCARLET WITCH
SCARLET WITCH,CAPTAIN AMERICA
SCARLET WITCH,NOVA
SCARLET WITCH,WONDER MAN
SCARLET WITCH,WOLVERINE
SCARLET WITCH,SHE-HULK
SCARLET WITCH,VISION
SCARLET WITCH,MARVEL GIRL
SCARLET WITCH,STORM
SCARLET WITCH,MR. FANTASTIC
SCARLET WITCH,ANGEL
SCARLET WITCH,IRON MAN
SCARLET WITCH,BLACK PANTHER
BLACK PANTHER,CAPTAIN AMERICA
BLACK PANTHER,NOVA
BLACK PANTHER,WONDER MAN
BLACK PANTHER,WOLVERINE
BLACK PANTHER,SHE-HULK
BLACK PANTHER,SILVER SURFER
BLACK PANTHER,VISION
BLACK PANTHER,MARVEL GIRL
BLACK PANTHER,STORM
BLACK PANTHER,MR. FANTASTIC
BLACK PANTHER,ANGEL
BLACK PANTHER,IRON MAN
IRON MAN,CAPTAIN AMERICA
IRON MAN,NOVA
IRON MAN,WONDER MAN
IRON MAN,WOLVERINE
IRON MAN,SHE-HULK
IRON MAN,VISION
IRON MAN,MARVEL GIRL
IRON MAN,STORM
IRON MAN,MR. FANTASTIC
IRON MAN,ANGEL
ANGEL,CAPTAIN AMERICA
ANGEL,NOVA
ANGEL,WONDER MAN
ANGEL,WOLVERINE
ANGEL,SHE-HULK
ANGEL,SILVER SURFER
ANGEL,VISION
ANGEL,MARVEL GIRL
ANGEL,STORM
ANGEL,MR. FANTASTIC
MR. FANTASTIC,CAPTAIN AMERICA
MR. FANTASTIC,NOVA
MR. FANTASTIC,WONDER MAN
MR. FANTASTIC,WOLVERINE
MR. FANTASTIC,SHE-HULK
MR. FANTASTIC,SILVER SURFER
MR. FANTASTIC,VISION
MR. FANTASTIC,MARVEL GIRL
MR. FANTASTIC,STORM
STORM,CAPTAIN AMERICA
STORM,NOVA
STORM,WONDER MAN
STORM,WOLVERINE
STORM,SHE-HULK
STORM,SILVER SURFER
STORM,VISION
STORM,MARVEL GIRL
MARVEL GIRL,CAPTAIN AMERICA
MARVEL GIRL,NOVA
MARVEL GIRL,WONDER MAN
MARVEL GIRL,WOLVERINE
MARVEL GIRL,SHE-HULK
MARVEL GIRL,SILVER SURFER
MARVEL GIRL,VISION
VISION,CAPTAIN AMERICA
VISION,NOVA
VISION,WONDER MAN
VISION,WOLVERINE
VISION,SHE-HULK
VISION,SILVER SURFER
SILVER SURFER,CAPTAIN AMERICA
SILVER SURFER,NOVA
SILVER SURFER,WONDER MAN
SILVER SURFER,WOLVERINE
SILVER SURFER,SHE-HULK
SHE-HULK,CAPTAIN AMERICA
SHE-HULK,NOVA
SHE-HULK,WONDER MAN
SHE-HULK,WOLVERINE
WOLVERINE,CAPTAIN AMERICA
WOLVERINE,NOVA
WOLVERINE,WONDER MAN
WONDER MAN,CAPTAIN AMERICA
WONDER MAN,NOVA
NOVA,CAPTAIN AMERICA
HAWK,IRON MAN
HULK,DR. STRANGE
HULK,QUICKSILVER
CYCLOPS,PROFESSOR X
PROFESSOR X,HULK
PROFESSOR X,MARVEL GIRL
MARVEL GIRL,HULK
SPIDER-MAN,"ROBERTSON, JOE"
SPIDER-MAN,"WATSON-PARKER, MARY"
SPIDER-MAN,"JAMESON, J. JONAH"
SPIDER-MAN,ICEMAN
"WATSON-PARKER, MARY","JAMESON, J. JONAH"
"WATSON-PARKER, MARY",ICEMAN
ICEMAN,"JAMESON, J. JONAH"
THOR,"JAMESON, J. JONAH"
THOR,SPIDER-MAN
ANGEL,ICEMAN
ANGEL,BEAST
BEAST,ICEMAN
ICEMAN,BEAST
ICEMAN,ANGEL
ICEMAN,HUMAN TORCH
ICEMAN,MR. FANTASTIC
MR. FANTASTIC,BEAST
MR. FANTASTIC,ANGEL
MR. FANTASTIC,HUMAN TORCH
HUMAN TORCH,BEAST
HUMAN TORCH,ANGEL
COLOSSUS II,ROGUE 
COLOSSUS II,WOLVERINE
COLOSSUS II,STORM
COLOSSUS II,HAVOK
HAVOK,ROGUE 
HAVOK,WOLVERINE
HAVOK,STORM
STORM,ROGUE 
WOLVERINE,ROGUE 
WOLVERINE,COLOSSUS II
WOLVERINE,HAVOK
WOLVERINE,"SUMMERS, NATHAN CHRI"
WOLVERINE,STORM
ROGUE ,COLOSSUS II
ROGUE ,HAVOK
ROGUE ,"SUMMERS, NATHAN CHRI"
ROGUE ,STORM
STORM,COLOSSUS II
STORM,HAVOK
STORM,"SUMMERS, NATHAN CHRI"
"SUMMERS, NATHAN CHRI",COLOSSUS II
"SUMMERS, NATHAN CHRI",HAVOK
HAVOK,COLOSSUS II
MARVEL GIRL,HAVOK
MARVEL GIRL,STORM
MARVEL GIRL,CYCLOPS
MARVEL GIRL,COLOSSUS II
MARVEL GIRL,ROGUE 
WOLVERINE,CYCLOPS
ROGUE ,CYCLOPS
COLOSSUS II,CYCLOPS
CYCLOPS,HAVOK
STORM,CANNONBALL II
HAVOK,CANNONBALL II
WOLVERINE,CANNONBALL II
CANNONBALL II,ROGUE 
CANNONBALL II,COLOSSUS II
COLOSSUS II,CANNONBALL II
CANNONBALL II,WOLVERINE
CANNONBALL II,STORM
CANNONBALL II,HAVOK
ROGUE ,WOLVERINE
CAPTAIN AMERICA,THOR
CAPTAIN AMERICA,IRON MAN
CAPTAIN AMERICA,SILVER SURFER
SILVER SURFER,THOR
SILVER SURFER,IRON MAN
IRON MAN,THOR
CAPTAIN AMERICA,WASP
CAPTAIN AMERICA,ANGEL
CAPTAIN AMERICA,"JARVIS, EDWIN"
CAPTAIN AMERICA,ANT-MAN
ANT-MAN,WASP
ANT-MAN,ANGEL
ANT-MAN,"JARVIS, EDWIN"
ANT-MAN,IRON MAN
ANT-MAN,THOR
THOR,WASP
THOR,ANGEL
THOR,"JARVIS, EDWIN"
THOR,IRON MAN
IRON MAN,"JARVIS, EDWIN"
"JARVIS, EDWIN",WASP
"JARVIS, EDWIN",ANGEL
ANGEL,WASP
ANT-MAN,CAPTAIN AMERICA
WASP,CAPTAIN AMERICA
WASP,THOR
WASP,"JARVIS, EDWIN"
WASP,IRON MAN
"JARVIS, EDWIN",CAPTAIN AMERICA
"JARVIS, EDWIN",THOR
THOR,CAPTAIN AMERICA
MR. FANTASTIC,THING
MR. FANTASTIC,INVISIBLE WOMAN
MR. FANTASTIC,THOR
MR. FANTASTIC,"JARVIS, EDWIN"
MR. FANTASTIC,IRON MAN
SILVER SURFER,THING
SILVER SURFER,INVISIBLE WOMAN
SILVER SURFER,HUMAN TORCH
SILVER SURFER,"JARVIS, EDWIN"
IRON MAN,THING
IRON MAN,INVISIBLE WOMAN
IRON MAN,HUMAN TORCH
"JARVIS, EDWIN",THING
"JARVIS, EDWIN",INVISIBLE WOMAN
"JARVIS, EDWIN",HUMAN TORCH
THOR,THING
THOR,INVISIBLE WOMAN
THOR,HUMAN TORCH
HUMAN TORCH,THING
HUMAN TORCH,CAPTAIN AMERICA
HUMAN TORCH,INVISIBLE WOMAN
CAPTAIN AMERICA,THING
ICEMAN,HERCULES [GREEK GOD]
ICEMAN,"JARVIS, EDWIN"
ICEMAN,VISION
ICEMAN,BLACK PANTHER
ICEMAN,IRON MAN
ICEMAN,BLACK WIDOW
ICEMAN,ANT-MAN
ICEMAN,CAPTAIN AMERICA
ICEMAN,THOR
ICEMAN,WASP
ICEMAN,WONDER MAN
ICEMAN,SCARLET WITCH
ICEMAN,HAWK
BEAST,HERCULES [GREEK GOD]
BEAST,"JARVIS, EDWIN"
BEAST,BLACK WIDOW
BEAST,ANT-MAN
BEAST,THOR
BEAST,WASP
BEAST,HAWK
HAWK,HERCULES [GREEK GOD]
HAWK,"JARVIS, EDWIN"
HAWK,VISION
HAWK,BLACK PANTHER
HAWK,BLACK WIDOW
HAWK,ANT-MAN
HAWK,CAPTAIN AMERICA
HAWK,ANGEL
HAWK,THOR
HAWK,WONDER MAN
HAWK,SCARLET WITCH
SCARLET WITCH,HERCULES [GREEK GOD]
SCARLET WITCH,"JARVIS, EDWIN"
SCARLET WITCH,BLACK WIDOW
SCARLET WITCH,ANT-MAN
SCARLET WITCH,THOR
WONDER MAN,HERCULES [GREEK GOD]
WONDER MAN,"JARVIS, EDWIN"
WONDER MAN,VISION
WONDER MAN,BLACK PANTHER
WONDER MAN,IRON MAN
WONDER MAN,BLACK WIDOW
WONDER MAN,ANT-MAN
WONDER MAN,ANGEL
WONDER MAN,THOR
WONDER MAN,WASP
WASP,HERCULES [GREEK GOD]
WASP,VISION
WASP,BLACK PANTHER
WASP,BLACK WIDOW
WASP,ANT-MAN
WASP,ANGEL
THOR,HERCULES [GREEK GOD]
THOR,VISION
THOR,BLACK PANTHER
THOR,BLACK WIDOW
THOR,ANT-MAN
ANGEL,HERCULES [GREEK GOD]
ANGEL,"JARVIS, EDWIN"
ANGEL,BLACK PANTHER
ANGEL,IRON MAN
ANGEL,BLACK WIDOW
ANGEL,ANT-MAN
CAPTAIN AMERICA,HERCULES [GREEK GOD]
CAPTAIN AMERICA,VISION
CAPTAIN AMERICA,BLACK PANTHER
CAPTAIN AMERICA,BLACK WIDOW
ANT-MAN,HERCULES [GREEK GOD]
ANT-MAN,VISION
ANT-MAN,BLACK PANTHER
ANT-MAN,BLACK WIDOW
BLACK WIDOW,HERCULES [GREEK GOD]
BLACK WIDOW,"JARVIS, EDWIN"
BLACK WIDOW,VISION
BLACK WIDOW,BLACK PANTHER
BLACK WIDOW,IRON MAN
IRON MAN,HERCULES [GREEK GOD]
IRON MAN,BLACK PANTHER
BLACK PANTHER,HERCULES [GREEK GOD]
BLACK PANTHER,"JARVIS, EDWIN"
VISION,HERCULES [GREEK GOD]
VISION,"JARVIS, EDWIN"
"JARVIS, EDWIN",HERCULES [GREEK GOD]
THOR,BEAST
THOR,WONDER MAN
THOR,SCARLET WITCH
SCARLET WITCH,BEAST
WONDER MAN,BEAST
VISION,BEAST
VISION,IRON MAN
VISION,WASP
WASP,BEAST
IRON MAN,BEAST
CAPTAIN AMERICA,BEAST
IRON MAN,ANT-MAN
"JARVIS, EDWIN",ANT-MAN
"JARVIS, EDWIN",IRON MAN
"WATSON-PARKER, MARY","ROBERTSON, JOE"
"ROBERTSON, JOE","JAMESON, J. JONAH"
"WATSON-PARKER, MARY",SPIDER-MAN
"JAMESON, J. JONAH","ROBERTSON, JOE"
PUNISHER II,SPIDER-MAN
PUNISHER II,"WATSON-PARKER, MARY"
"JAMESON, J. JONAH","WATSON-PARKER, MARY"
"JAMESON, J. JONAH",SPIDER-MAN
SPIDER-MAN,CYCLOPS
THING,INVISIBLE WOMAN
THING,HUMAN TORCH
ANGEL,CYCLOPS
ANGEL,"SUMMERS, NATHAN CHRI"
"SUMMERS, NATHAN CHRI",ICEMAN
"SUMMERS, NATHAN CHRI",BEAST
"SUMMERS, NATHAN CHRI",MARVEL GIRL
"SUMMERS, NATHAN CHRI",CYCLOPS
CYCLOPS,ICEMAN
MARVEL GIRL,ICEMAN
MARVEL GIRL,BEAST
SCARLET WITCH,DR. STRANGE
DR. STRANGE,DR. DOOM
DR. STRANGE,SCARLET WITCH
SCARLET WITCH,DR. DOOM
SCARLET WITCH,HULK
DR. STRANGE,HULK
SILVER SURFER,DR. DOOM
SILVER SURFER,DR. STRANGE
DR. STRANGE,SILVER SURFER
MARVEL GIRL,"SUMMERS, NATHAN CHRI"
ICEMAN,"SUMMERS, NATHAN CHRI"
ICEMAN,CYCLOPS
CYCLOPS,"SUMMERS, NATHAN CHRI"
PROFESSOR X,CYCLOPS
PROFESSOR X,ICEMAN
PROFESSOR X,BEAST
PROFESSOR X,ANGEL
BEAST,CYCLOPS
ICEMAN,MARVEL GIRL
MARVEL GIRL,ANGEL
BEAST,PROFESSOR X
ICEMAN,PROFESSOR X
MARVEL GIRL,PROFESSOR X
BEAST,SPIDER-MAN
BEAST,QUICKSILVER
QUICKSILVER,PROFESSOR X
QUICKSILVER,CYCLOPS
QUICKSILVER,SPIDER-MAN
QUICKSILVER,ICEMAN
QUICKSILVER,MARVEL GIRL
QUICKSILVER,ANGEL
ANGEL,PROFESSOR X
ANGEL,SPIDER-MAN
ANGEL,SCARLET WITCH
MARVEL GIRL,SPIDER-MAN
MARVEL GIRL,SCARLET WITCH
ICEMAN,SPIDER-MAN
SCARLET WITCH,PROFESSOR X
SCARLET WITCH,CYCLOPS
SCARLET WITCH,SPIDER-MAN
SPIDER-MAN,PROFESSOR X
CAPTAIN AMERICA,SUB-MARINER
SUB-MARINER,CAPTAIN AMERICA
CAPTAIN AMERICA,HAWK
CAPTAIN AMERICA,SCARLET WITCH
THOR,HAWK
"FURY, COL. NICHOLAS",IRON MAN
"CAGE, LUKE",IRON MAN
IRON MAN,SPIDER-MAN
THING,SPIDER-MAN
"ROBERTSON, JOE",SPIDER-MAN
IRON MAN,"FURY, COL. NICHOLAS"
THOR,"FURY, COL. NICHOLAS"
"FURY, COL. NICHOLAS",CAPTAIN AMERICA
"FURY, COL. NICHOLAS","JARVIS, EDWIN"
BEAST,ROGUE 
BEAST,GAMBIT
WOLVERINE,GAMBIT
WOLVERINE,PROFESSOR X
PROFESSOR X,ROGUE 
PROFESSOR X,GAMBIT
CYCLOPS,ROGUE 
CYCLOPS,GAMBIT
GAMBIT,ROGUE 
ANGEL,GAMBIT
"JARVIS, EDWIN",GAMBIT
"JARVIS, EDWIN",PROFESSOR X
"JARVIS, EDWIN",BEAST
"JARVIS, EDWIN",STORM
STORM,GAMBIT
STORM,PROFESSOR X
STORM,BEAST
WONDER MAN,NIGHTCRAWLER
MARVEL GIRL,SUB-MARINER
MARVEL GIRL,THOR
MARVEL GIRL,WASP
MARVEL GIRL,DR. STRANGE
MARVEL GIRL,INVISIBLE WOMAN
MARVEL GIRL,IRON MAN
MARVEL GIRL,THING
MARVEL GIRL,MR. FANTASTIC
MARVEL GIRL,HUMAN TORCH
MARVEL GIRL,DAREDEVIL
MARVEL GIRL,"JAMESON, J. JONAH"
MARVEL GIRL,ANT-MAN
ANT-MAN,CYCLOPS
ANT-MAN,SUB-MARINER
ANT-MAN,BEAST
ANT-MAN,ICEMAN
ANT-MAN,SPIDER-MAN
ANT-MAN,DR. STRANGE
ANT-MAN,HULK
ANT-MAN,INVISIBLE WOMAN
ANT-MAN,THING
ANT-MAN,MR. FANTASTIC
ANT-MAN,HUMAN TORCH
ANT-MAN,DAREDEVIL
ANT-MAN,"JAMESON, J. JONAH"
"JAMESON, J. JONAH",CYCLOPS
"JAMESON, J. JONAH",SUB-MARINER
"JAMESON, J. JONAH",THOR
"JAMESON, J. JONAH",BEAST
"JAMESON, J. JONAH",WASP
"JAMESON, J. JONAH",ICEMAN
"JAMESON, J. JONAH",DR. STRANGE
"JAMESON, J. JONAH",HULK
"JAMESON, J. JONAH",INVISIBLE WOMAN
"JAMESON, J. JONAH",IRON MAN
"JAMESON, J. JONAH",THING
"JAMESON, J. JONAH",MR. FANTASTIC
"JAMESON, J. JONAH",ANGEL
"JAMESON, J. JONAH",HUMAN TORCH
"JAMESON, J. JONAH",CAPTAIN AMERICA
"JAMESON, J. JONAH",DAREDEVIL
DAREDEVIL,CYCLOPS
DAREDEVIL,SUB-MARINER
DAREDEVIL,THOR
DAREDEVIL,BEAST
DAREDEVIL,WASP
DAREDEVIL,ICEMAN
DAREDEVIL,SPIDER-MAN
DAREDEVIL,DR. STRANGE
DAREDEVIL,HULK
DAREDEVIL,INVISIBLE WOMAN
DAREDEVIL,IRON MAN
DAREDEVIL,THING
DAREDEVIL,MR. FANTASTIC
DAREDEVIL,ANGEL
DAREDEVIL,HUMAN TORCH
DAREDEVIL,CAPTAIN AMERICA
CAPTAIN AMERICA,CYCLOPS
CAPTAIN AMERICA,ICEMAN
CAPTAIN AMERICA,SPIDER-MAN
CAPTAIN AMERICA,DR. STRANGE
CAPTAIN AMERICA,HULK
CAPTAIN AMERICA,INVISIBLE WOMAN
CAPTAIN AMERICA,MR. FANTASTIC
CAPTAIN AMERICA,HUMAN TORCH
HUMAN TORCH,CYCLOPS
HUMAN TORCH,SUB-MARINER
HUMAN TORCH,THOR
HUMAN TORCH,WASP
HUMAN TORCH,ICEMAN
HUMAN TORCH,SPIDER-MAN
HUMAN TORCH,DR. STRANGE
HUMAN TORCH,HULK
HUMAN TORCH,IRON MAN
HUMAN TORCH,MR. FANTASTIC
ANGEL,SUB-MARINER
ANGEL,THOR
ANGEL,DR. STRANGE
ANGEL,HULK
ANGEL,INVISIBLE WOMAN
ANGEL,THING
MR. FANTASTIC,CYCLOPS
MR. FANTASTIC,SUB-MARINER
MR. FANTASTIC,WASP
MR. FANTASTIC,ICEMAN
MR. FANTASTIC,SPIDER-MAN
MR. FANTASTIC,DR. STRANGE
MR. FANTASTIC,HULK
THING,CYCLOPS
THING,SUB-MARINER
THING,THOR
THING,BEAST
THING,WASP
THING,ICEMAN
THING,DR. STRANGE
THING,HULK
IRON MAN,CYCLOPS
IRON MAN,SUB-MARINER
IRON MAN,ICEMAN
IRON MAN,DR. STRANGE
IRON MAN,HULK
INVISIBLE WOMAN,CYCLOPS
INVISIBLE WOMAN,SUB-MARINER
INVISIBLE WOMAN,THOR
INVISIBLE WOMAN,BEAST
INVISIBLE WOMAN,WASP
INVISIBLE WOMAN,ICEMAN
INVISIBLE WOMAN,SPIDER-MAN
INVISIBLE WOMAN,DR. STRANGE
INVISIBLE WOMAN,HULK
HULK,CYCLOPS
HULK,SUB-MARINER
HULK,THOR
HULK,BEAST
HULK,WASP
HULK,ICEMAN
HULK,SPIDER-MAN
DR. STRANGE,CYCLOPS
DR. STRANGE,SUB-MARINER
DR. STRANGE,THOR
DR. STRANGE,BEAST
DR. STRANGE,WASP
DR. STRANGE,ICEMAN
DR. STRANGE,SPIDER-MAN
SPIDER-MAN,SUB-MARINER
SPIDER-MAN,THOR
SPIDER-MAN,BEAST
SPIDER-MAN,WASP
ICEMAN,SUB-MARINER
WASP,CYCLOPS
WASP,SUB-MARINER
BEAST,SUB-MARINER
THOR,CYCLOPS
THOR,SUB-MARINER
SUB-MARINER,CYCLOPS
THING,"JAMESON, J. JONAH"
MR. FANTASTIC,"JAMESON, J. JONAH"
HUMAN TORCH,"JAMESON, J. JONAH"
SPIDER-MAN,INVISIBLE WOMAN
SUB-MARINER,"JAMESON, J. JONAH"
SUB-MARINER,INVISIBLE WOMAN
INVISIBLE WOMAN,"JAMESON, J. JONAH"
STORM,NIGHTCRAWLER
STORM,CYCLOPS
WOLVERINE,NIGHTCRAWLER
COLOSSUS II,NIGHTCRAWLER
CYCLOPS,NIGHTCRAWLER
WASP,ICEMAN
WOLVERINE,HERCULES [GREEK GOD]
CAPTAIN AMERICA,"FURY, COL. NICHOLAS"
SUB-MARINER,HULK
WASP,HULK
HULK,ANT-MAN
THOR,MR. FANTASTIC
THOR,DAREDEVIL
IRON MAN,"JAMESON, J. JONAH"
IRON MAN,DAREDEVIL
CAPTAIN AMERICA,"JAMESON, J. JONAH"
CAPTAIN AMERICA,DAREDEVIL
WASP,"JAMESON, J. JONAH"
WASP,MR. FANTASTIC
WASP,SPIDER-MAN
WASP,THING
WASP,HUMAN TORCH
WASP,DAREDEVIL
WASP,INVISIBLE WOMAN
INVISIBLE WOMAN,ANT-MAN
INVISIBLE WOMAN,HUMAN TORCH
INVISIBLE WOMAN,DAREDEVIL
DAREDEVIL,"JAMESON, J. JONAH"
DAREDEVIL,ANT-MAN
HUMAN TORCH,ANT-MAN
THING,ANT-MAN
SPIDER-MAN,ANT-MAN
SPIDER-MAN,MR. FANTASTIC
MR. FANTASTIC,ANT-MAN
SPIDER-MAN,CAPTAIN AMERICA
SPIDER-MAN,HUMAN TORCH
SPIDER-MAN,THING
MR. FANTASTIC,SCARLET WITCH
VISION,HUMAN TORCH
VISION,THING
VISION,SCARLET WITCH
SCARLET WITCH,HUMAN TORCH
SCARLET WITCH,THING
VISION,THOR
VISION,INVISIBLE WOMAN
VISION,MR. FANTASTIC
WASP,SHE-HULK
WASP,SCARLET WITCH
CAPTAIN AMERICA,SHE-HULK
HUMAN TORCH,SHE-HULK
HUMAN TORCH,SCARLET WITCH
SHE-HULK,THOR
THING,DAREDEVIL
SHE-HULK,MR. FANTASTIC
SHE-HULK,THING
DR. DOOM,CAPTAIN AMERICA
DR. DOOM,IRON MAN
HULK,"JAMESON, J. JONAH"
BLACK PANTHER,NIGHTCRAWLER
CAPTAIN AMERICA,NIGHTCRAWLER
CAPTAIN AMERICA,WONDER MAN
"JARVIS, EDWIN",WONDER MAN
"JARVIS, EDWIN",VISION
"JARVIS, EDWIN",SCARLET WITCH
"JARVIS, EDWIN",BLACK PANTHER
ANT-MAN,WONDER MAN
ANT-MAN,SCARLET WITCH
BLACK PANTHER,WASP
BLACK PANTHER,SCARLET WITCH
BLACK PANTHER,THOR
ANT-MAN,HAWK
ANT-MAN,QUICKSILVER
SCARLET WITCH,QUICKSILVER
CAPTAIN AMERICA,QUICKSILVER
WASP,HAWK
WASP,WONDER MAN
WASP,QUICKSILVER
IRON MAN,QUICKSILVER
"JARVIS, EDWIN",HAWK
"JARVIS, EDWIN",QUICKSILVER
QUICKSILVER,VISION
QUICKSILVER,BEAST
QUICKSILVER,THOR
QUICKSILVER,WONDER MAN
WONDER MAN,HAWK
VISION,HAWK
WONDER MAN,SCARLET WITCH
VISION,ANT-MAN
HAWK,BEAST
QUICKSILVER,"JARVIS, EDWIN"
QUICKSILVER,CAPTAIN AMERICA
QUICKSILVER,BLACK PANTHER
QUICKSILVER,ANT-MAN
BLACK PANTHER,HAWK
BLACK WIDOW,SCARLET WITCH
BLACK WIDOW,HAWK
BLACK WIDOW,ANT-MAN
BLACK WIDOW,WONDER MAN
BLACK WIDOW,WASP
BLACK WIDOW,"FURY, COL. NICHOLAS"
BLACK WIDOW,THOR
BLACK WIDOW,CAPTAIN AMERICA
"FURY, COL. NICHOLAS",SCARLET WITCH
"FURY, COL. NICHOLAS",HAWK
"FURY, COL. NICHOLAS",BLACK PANTHER
"FURY, COL. NICHOLAS",ANT-MAN
"FURY, COL. NICHOLAS",WONDER MAN
"FURY, COL. NICHOLAS",HERCULES [GREEK GOD]
"FURY, COL. NICHOLAS",WASP
HERCULES [GREEK GOD],SCARLET WITCH
HERCULES [GREEK GOD],HAWK
HERCULES [GREEK GOD],BLACK PANTHER
HERCULES [GREEK GOD],ANT-MAN
HERCULES [GREEK GOD],WONDER MAN
HAWK,QUICKSILVER
BLACK WIDOW,QUICKSILVER
WONDER MAN,QUICKSILVER
QUICKSILVER,HERCULES [GREEK GOD]
VISION,BLACK PANTHER
IRON MAN,BLACK WIDOW
"JARVIS, EDWIN",BLACK WIDOW
VISION,QUICKSILVER
VISION,BLACK WIDOW
HERCULES [GREEK GOD],IRON MAN
BLACK PANTHER,QUICKSILVER
BLACK PANTHER,ANT-MAN
HERCULES [GREEK GOD],QUICKSILVER
HERCULES [GREEK GOD],THOR
HERCULES [GREEK GOD],WASP
HERCULES [GREEK GOD],VISION
THOR,QUICKSILVER
SCARLET WITCH,"FURY, COL. NICHOLAS"
WONDER MAN,"FURY, COL. NICHOLAS"
WONDER MAN,HUMAN TORCH
WONDER MAN,THING
WONDER MAN,SHE-HULK
SHE-HULK,"FURY, COL. NICHOLAS"
SHE-HULK,VISION
SHE-HULK,HUMAN TORCH
SHE-HULK,HAWK
THING,"FURY, COL. NICHOLAS"
THING,HAWK
HAWK,"FURY, COL. NICHOLAS"
HAWK,HUMAN TORCH
HUMAN TORCH,"FURY, COL. NICHOLAS"
HUMAN TORCH,VISION
VISION,"FURY, COL. NICHOLAS"
ANT-MAN,SHE-HULK
QUICKSILVER,SHE-HULK
SHE-HULK,IRON MAN
SHE-HULK,WASP
SHE-HULK,SCARLET WITCH
SHE-HULK,ANT-MAN
SHE-HULK,QUICKSILVER
DR. STRANGE,ANT-MAN
HAWK,MR. FANTASTIC
DR. DOOM,MR. FANTASTIC
DR. DOOM,HUMAN TORCH
DR. DOOM,ANT-MAN
DR. DOOM,THING
DR. DOOM,INVISIBLE WOMAN
DR. DOOM,VISION
DR. DOOM,THOR
DR. DOOM,WASP
DR. DOOM,HAWK
DR. DOOM,SCARLET WITCH
SCARLET WITCH,INVISIBLE WOMAN
HAWK,THING
HAWK,INVISIBLE WOMAN
"JARVIS, EDWIN","FURY, COL. NICHOLAS"
DR. STRANGE,"JARVIS, EDWIN"
HULK,"JARVIS, EDWIN"
"CAGE, LUKE",DR. STRANGE
"CAGE, LUKE",HULK
DR. STRANGE,"CAGE, LUKE"
NOVA,WOLVERINE
NOVA,SHE-HULK
NOVA,COLOSSUS II
NOVA,STORM
NOVA,ROGUE 
NOVA,WONDER MAN
NOVA,CYCLOPS
NOVA,VISION
NOVA,PROFESSOR X
NOVA,ICEMAN
NOVA,MARVEL GIRL
NOVA,HAVOK
NOVA,ANGEL
NOVA,SCARLET WITCH
NOVA,INVISIBLE WOMAN
NOVA,THING
NOVA,HUMAN TORCH
NOVA,HERCULES [GREEK GOD]
HERCULES [GREEK GOD],WOLVERINE
HERCULES [GREEK GOD],SHE-HULK
HERCULES [GREEK GOD],COLOSSUS II
HERCULES [GREEK GOD],STORM
HERCULES [GREEK GOD],HULK
HERCULES [GREEK GOD],CAPTAIN AMERICA
HERCULES [GREEK GOD],ROGUE 
HERCULES [GREEK GOD],CYCLOPS
HERCULES [GREEK GOD],PROFESSOR X
HERCULES [GREEK GOD],ICEMAN
HERCULES [GREEK GOD],MARVEL GIRL
HERCULES [GREEK GOD],HAVOK
HERCULES [GREEK GOD],ANGEL
HERCULES [GREEK GOD],INVISIBLE WOMAN
HERCULES [GREEK GOD],THING
HERCULES [GREEK GOD],HUMAN TORCH
HUMAN TORCH,WOLVERINE
HUMAN TORCH,COLOSSUS II
HUMAN TORCH,STORM
HUMAN TORCH,ROGUE 
HUMAN TORCH,WONDER MAN
HUMAN TORCH,PROFESSOR X
HUMAN TORCH,MARVEL GIRL
HUMAN TORCH,HAVOK
THING,COLOSSUS II
THING,ROGUE 
THING,PROFESSOR X
THING,HAVOK
INVISIBLE WOMAN,COLOSSUS II
INVISIBLE WOMAN,ROGUE 
INVISIBLE WOMAN,PROFESSOR X
INVISIBLE WOMAN,HAVOK
SCARLET WITCH,COLOSSUS II
SCARLET WITCH,ROGUE 
SCARLET WITCH,ICEMAN
SCARLET WITCH,HAVOK
ANGEL,COLOSSUS II
ANGEL,ROGUE 
ANGEL,HAVOK
HAVOK,SHE-HULK
HAVOK,HULK
HAVOK,CAPTAIN AMERICA
HAVOK,WONDER MAN
HAVOK,CYCLOPS
HAVOK,VISION
HAVOK,PROFESSOR X
HAVOK,ICEMAN
HAVOK,MARVEL GIRL
ICEMAN,WOLVERINE
ICEMAN,SHE-HULK
ICEMAN,COLOSSUS II
ICEMAN,STORM
ICEMAN,HULK
ICEMAN,ROGUE 
PROFESSOR X,WOLVERINE
PROFESSOR X,SHE-HULK
PROFESSOR X,COLOSSUS II
PROFESSOR X,STORM
PROFESSOR X,CAPTAIN AMERICA
PROFESSOR X,WONDER MAN
PROFESSOR X,VISION
VISION,COLOSSUS II
VISION,STORM
VISION,HULK
VISION,ROGUE 
VISION,CYCLOPS
CYCLOPS,COLOSSUS II
WONDER MAN,WOLVERINE
WONDER MAN,COLOSSUS II
WONDER MAN,STORM
WONDER MAN,HULK
WONDER MAN,ROGUE 
ROGUE ,SHE-HULK
ROGUE ,HULK
ROGUE ,CAPTAIN AMERICA
CAPTAIN AMERICA,WOLVERINE
CAPTAIN AMERICA,COLOSSUS II
CAPTAIN AMERICA,STORM
HULK,COLOSSUS II
COLOSSUS II,SHE-HULK
STORM,INVISIBLE WOMAN
STORM,HUMAN TORCH
STORM,DR. DOOM
STORM,MR. FANTASTIC
STORM,THING
HAVOK,INVISIBLE WOMAN
HAVOK,HUMAN TORCH
HAVOK,DR. DOOM
HAVOK,MR. FANTASTIC
HAVOK,NIGHTCRAWLER
HAVOK,THING
ROGUE ,INVISIBLE WOMAN
ROGUE ,HUMAN TORCH
ROGUE ,DR. DOOM
ROGUE ,MR. FANTASTIC
ROGUE ,NIGHTCRAWLER
ROGUE ,THING
THING,DR. DOOM
THING,NIGHTCRAWLER
COLOSSUS II,INVISIBLE WOMAN
COLOSSUS II,HUMAN TORCH
COLOSSUS II,DR. DOOM
COLOSSUS II,MR. FANTASTIC
NIGHTCRAWLER,WOLVERINE
NIGHTCRAWLER,INVISIBLE WOMAN
NIGHTCRAWLER,HUMAN TORCH
NIGHTCRAWLER,DR. DOOM
NIGHTCRAWLER,MR. FANTASTIC
MR. FANTASTIC,DR. DOOM
DR. DOOM,WOLVERINE
"ROBERTSON, JOE","WATSON-PARKER, MARY"
SCARLET WITCH,"JAMESON, J. JONAH"
SCARLET WITCH,"ROBERTSON, JOE"
"ROBERTSON, JOE","JARVIS, EDWIN"
"ROBERTSON, JOE",CAPTAIN AMERICA
"JAMESON, J. JONAH","JARVIS, EDWIN"
WOLVERINE,"WATSON-PARKER, MARY"
WOLVERINE,SPIDER-MAN
WOLVERINE,"ROBERTSON, JOE"
WOLVERINE,"JAMESON, J. JONAH"
"JAMESON, J. JONAH",ROGUE 
"JAMESON, J. JONAH",COLOSSUS II
"JAMESON, J. JONAH",STORM
"JAMESON, J. JONAH",NIGHTCRAWLER
NIGHTCRAWLER,ROGUE 
NIGHTCRAWLER,"WATSON-PARKER, MARY"
NIGHTCRAWLER,COLOSSUS II
NIGHTCRAWLER,SPIDER-MAN
NIGHTCRAWLER,STORM
NIGHTCRAWLER,"ROBERTSON, JOE"
"ROBERTSON, JOE",ROGUE 
"ROBERTSON, JOE",COLOSSUS II
"ROBERTSON, JOE",STORM
STORM,"WATSON-PARKER, MARY"
STORM,SPIDER-MAN
SPIDER-MAN,ROGUE 
SPIDER-MAN,COLOSSUS II
COLOSSUS II,"WATSON-PARKER, MARY"
"WATSON-PARKER, MARY",ROGUE 
SPIDER-MAN,DAREDEVIL
COLOSSUS II,PROFESSOR X
PROFESSOR X,NIGHTCRAWLER
BLACK WIDOW,SHE-HULK
"FURY, COL. NICHOLAS",HULK
"WATSON-PARKER, MARY",DAREDEVIL
SPIDER-MAN,SHE-HULK
SHE-HULK,"JAMESON, J. JONAH"
SHE-HULK,"WATSON-PARKER, MARY"
BLACK PANTHER,"WATSON-PARKER, MARY"
BLACK PANTHER,SPIDER-MAN
IRON MAN,"WATSON-PARKER, MARY"
SPIDER-MAN,NOVA
SHE-HULK,INVISIBLE WOMAN
INVISIBLE WOMAN,HAWK
HUMAN TORCH,HAWK
THOR,SHE-HULK
HAWK,SHE-HULK
"FURY, COL. NICHOLAS",BEAST
"FURY, COL. NICHOLAS",THOR
"FURY, COL. NICHOLAS",VISION
"FURY, COL. NICHOLAS",SHE-HULK
"JARVIS, EDWIN",SHE-HULK
SHE-HULK,BEAST
SPIDER-MAN,SCARLET WITCH
"JARVIS, EDWIN",SPIDER-MAN
SPIDER-MAN,VISION
VISION,DR. STRANGE
THOR,DR. STRANGE
DR. STRANGE,SHE-HULK
DR. STRANGE,QUICKSILVER
DR. STRANGE,HAWK
DR. STRANGE,CAPTAIN AMERICA
BLACK PANTHER,BLACK WIDOW
PROFESSOR X,DR. STRANGE
PROFESSOR X,SCARLET WITCH
PROFESSOR X,SPIDER-MAN
PROFESSOR X,WASP
PROFESSOR X,CANNONBALL II
CANNONBALL II,DR. STRANGE
CANNONBALL II,CAPTAIN AMERICA
CANNONBALL II,SCARLET WITCH
CANNONBALL II,NIGHTCRAWLER
CANNONBALL II,VISION
CANNONBALL II,SPIDER-MAN
CANNONBALL II,WASP
WASP,DR. STRANGE
WASP,NIGHTCRAWLER
WASP,COLOSSUS II
WASP,ROGUE 
WASP,STORM
SPIDER-MAN,DR. STRANGE
SPIDER-MAN,NIGHTCRAWLER
SPIDER-MAN,STORM
STORM,DR. STRANGE
STORM,SCARLET WITCH
ROGUE ,DR. STRANGE
ROGUE ,SCARLET WITCH
ROGUE ,VISION
VISION,NIGHTCRAWLER
COLOSSUS II,DR. STRANGE
COLOSSUS II,CAPTAIN AMERICA
COLOSSUS II,SCARLET WITCH
NIGHTCRAWLER,DR. STRANGE
NIGHTCRAWLER,CAPTAIN AMERICA
NIGHTCRAWLER,SCARLET WITCH
HERCULES [GREEK GOD],BEAST
HERCULES [GREEK GOD],SUB-MARINER
HERCULES [GREEK GOD],"JARVIS, EDWIN"
SHE-HULK,SUB-MARINER
SHE-HULK,BLACK PANTHER
SHE-HULK,"JARVIS, EDWIN"
HAWK,SUB-MARINER
"JARVIS, EDWIN",SUB-MARINER
BLACK PANTHER,BEAST
BLACK PANTHER,SUB-MARINER
SUB-MARINER,WONDER MAN
SUB-MARINER,SCARLET WITCH
SUB-MARINER,WASP
SUB-MARINER,ANT-MAN
SUB-MARINER,QUICKSILVER
SUB-MARINER,VISION
SUB-MARINER,IRON MAN
SUB-MARINER,BEAST
SCARLET WITCH,SUB-MARINER
THING,"JARVIS, EDWIN"
THING,BLACK WIDOW
THING,HERCULES [GREEK GOD]
THING,QUICKSILVER
HAWK,HULK
HAWK,SPIDER-MAN
INVISIBLE WOMAN,"JARVIS, EDWIN"
INVISIBLE WOMAN,BLACK WIDOW
INVISIBLE WOMAN,HERCULES [GREEK GOD]
INVISIBLE WOMAN,QUICKSILVER
QUICKSILVER,SUB-MARINER
QUICKSILVER,HULK
QUICKSILVER,BLACK WIDOW
QUICKSILVER,MR. FANTASTIC
VISION,SUB-MARINER
VISION,SPIDER-MAN
MR. FANTASTIC,BLACK PANTHER
MR. FANTASTIC,BLACK WIDOW
MR. FANTASTIC,HERCULES [GREEK GOD]
HERCULES [GREEK GOD],SPIDER-MAN
HERCULES [GREEK GOD],BLACK WIDOW
BLACK WIDOW,BEAST
BLACK WIDOW,SUB-MARINER
BLACK WIDOW,HULK
BLACK WIDOW,SPIDER-MAN
BLACK PANTHER,HULK
SPIDER-MAN,"JARVIS, EDWIN"
SUB-MARINER,SHE-HULK
SUB-MARINER,HAWK
SUB-MARINER,HERCULES [GREEK GOD]
SUB-MARINER,THOR
WONDER MAN,SUB-MARINER
COLOSSUS II,THING
WOLVERINE,INVISIBLE WOMAN
WOLVERINE,THING
WOLVERINE,HUMAN TORCH
WOLVERINE,MR. FANTASTIC
MR. FANTASTIC,NIGHTCRAWLER
MR. FANTASTIC,ROGUE 
MR. FANTASTIC,PROFESSOR X
HUMAN TORCH,NIGHTCRAWLER
PROFESSOR X,INVISIBLE WOMAN
PROFESSOR X,THING
NIGHTCRAWLER,THING
"WATSON-PARKER, MARY",INVISIBLE WOMAN
INVISIBLE WOMAN,"ROBERTSON, JOE"
ICEMAN,GAMBIT
MARVEL GIRL,GAMBIT
COLOSSUS II,BEAST
COLOSSUS II,GAMBIT
GAMBIT,WOLVERINE
GAMBIT,BEAST
ANGEL,CANNONBALL II
CANNONBALL II,ICEMAN
CANNONBALL II,BEAST
CANNONBALL II,MARVEL GIRL
CANNONBALL II,PROFESSOR X
CANNONBALL II,CYCLOPS
STORM,ICEMAN
COLOSSUS II,ICEMAN
COLOSSUS II,MARVEL GIRL
WOLVERINE,ICEMAN
WOLVERINE,BEAST
"FURY, COL. NICHOLAS",PUNISHER II
PUNISHER II,"FURY, COL. NICHOLAS"
HUMAN TORCH,"JARVIS, EDWIN"
IRON MAN,NIGHTCRAWLER
IRON MAN,DR. DOOM
IRON MAN,COLOSSUS II
STORM,THOR
STORM,DAREDEVIL
STORM,WASP
STORM,HAWK
STORM,HULK
STORM,SUB-MARINER
INVISIBLE WOMAN,NIGHTCRAWLER
INVISIBLE WOMAN,DR. DOOM
SHE-HULK,NIGHTCRAWLER
SHE-HULK,SPIDER-MAN
SHE-HULK,CYCLOPS
SHE-HULK,DAREDEVIL
SHE-HULK,DR. DOOM
SHE-HULK,COLOSSUS II
SHE-HULK,HULK
MR. FANTASTIC,DAREDEVIL
MR. FANTASTIC,HAWK
MR. FANTASTIC,COLOSSUS II
CAPTAIN AMERICA,DR. DOOM
HUMAN TORCH,DAREDEVIL
HUMAN TORCH,DR. DOOM
WONDER MAN,SPIDER-MAN
WONDER MAN,CYCLOPS
WONDER MAN,DAREDEVIL
WONDER MAN,DR. DOOM
SUB-MARINER,NIGHTCRAWLER
SUB-MARINER,SPIDER-MAN
SUB-MARINER,DAREDEVIL
SUB-MARINER,DR. DOOM
SUB-MARINER,COLOSSUS II
SUB-MARINER,WOLVERINE
HULK,NIGHTCRAWLER
HULK,DAREDEVIL
HULK,DR. DOOM
HULK,HAWK
WOLVERINE,THOR
WOLVERINE,DAREDEVIL
WOLVERINE,DR. DOOM
WOLVERINE,VISION
WOLVERINE,WASP
WOLVERINE,SCARLET WITCH
WOLVERINE,HAWK
COLOSSUS II,THOR
COLOSSUS II,SPIDER-MAN
COLOSSUS II,DAREDEVIL
COLOSSUS II,VISION
COLOSSUS II,WASP
COLOSSUS II,HAWK
HAWK,NIGHTCRAWLER
HAWK,CYCLOPS
HAWK,DAREDEVIL
HAWK,DR. DOOM
SCARLET WITCH,NIGHTCRAWLER
SCARLET WITCH,DAREDEVIL
WASP,DR. DOOM
VISION,DAREDEVIL
VISION,DR. DOOM
DR. DOOM,NIGHTCRAWLER
DR. DOOM,SPIDER-MAN
DR. DOOM,CYCLOPS
DR. DOOM,DAREDEVIL
DAREDEVIL,NIGHTCRAWLER
CYCLOPS,THOR
CYCLOPS,SPIDER-MAN
NIGHTCRAWLER,THOR
"CAGE, LUKE",THING
"CAGE, LUKE",IRON FIST
IRON FIST,THING
WONDER MAN,PROFESSOR X
WONDER MAN,INVISIBLE WOMAN
WONDER MAN,ICEMAN
WONDER MAN,MARVEL GIRL
WONDER MAN,HAVOK
HAVOK,ANGEL
HAVOK,SCARLET WITCH
HAVOK,HERCULES [GREEK GOD]
MARVEL GIRL,HERCULES [GREEK GOD]
VISION,ANGEL
VISION,PROFESSOR X
VISION,ICEMAN
SHE-HULK,ANGEL
SHE-HULK,STORM
SHE-HULK,ROGUE 
SHE-HULK,PROFESSOR X
SHE-HULK,HERCULES [GREEK GOD]
SHE-HULK,ICEMAN
COLOSSUS II,HULK
COLOSSUS II,ANGEL
COLOSSUS II,HERCULES [GREEK GOD]
ICEMAN,INVISIBLE WOMAN
WOLVERINE,HULK
WOLVERINE,ANGEL
CYCLOPS,HUMAN TORCH
PROFESSOR X,HUMAN TORCH
ROGUE ,ANGEL
STORM,ANGEL
CYCLOPS,HERCULES [GREEK GOD]
ANGEL,HUMAN TORCH
HAVOK,NOVA
ICEMAN,NOVA
ICEMAN,THING
HULK,HUMAN TORCH
HULK,ROGUE 
HULK,PROFESSOR X
HULK,HERCULES [GREEK GOD]
STORM,HERCULES [GREEK GOD]
VISION,MARVEL GIRL
HERCULES [GREEK GOD],NOVA
SHE-HULK,MARVEL GIRL
CAPTAIN AMERICA,NOVA
CAPTAIN AMERICA,ROGUE 
CAPTAIN AMERICA,PROFESSOR X
PROFESSOR X,NOVA
ROGUE ,NOVA
"JAMESON, J. JONAH",PUNISHER II
QUICKSILVER,INVISIBLE WOMAN
QUICKSILVER,HUMAN TORCH
QUICKSILVER,THING
SPIDER-MAN,IRON MAN
SPIDER-MAN,WONDER MAN
WONDER MAN,MR. FANTASTIC
HERCULES [GREEK GOD],MR. FANTASTIC
MR. FANTASTIC,QUICKSILVER
QUICKSILVER,WOLVERINE
WOLVERINE,SHE-HULK
INVISIBLE WOMAN,"WATSON-PARKER, MARY"
"WATSON-PARKER, MARY",HULK
"WATSON-PARKER, MARY",MR. FANTASTIC
"WATSON-PARKER, MARY",NOVA
"WATSON-PARKER, MARY",HUMAN TORCH
"WATSON-PARKER, MARY",THING
THING,"ROBERTSON, JOE"
"ROBERTSON, JOE",HULK
"ROBERTSON, JOE",MR. FANTASTIC
"ROBERTSON, JOE",NOVA
"ROBERTSON, JOE",HUMAN TORCH
"JAMESON, J. JONAH",NOVA
HUMAN TORCH,NOVA
NOVA,MR. FANTASTIC
HULK,"WATSON-PARKER, MARY"
SPIDER-MAN,QUICKSILVER
SPIDER-MAN,BLACK PANTHER
SPIDER-MAN,HAWK
BLACK PANTHER,THING
BLACK PANTHER,DAREDEVIL
BLACK PANTHER,HUMAN TORCH
HUMAN TORCH,QUICKSILVER
DAREDEVIL,HAWK
DAREDEVIL,QUICKSILVER
DAREDEVIL,SCARLET WITCH
THOR,HULK
THOR,PROFESSOR X
HAWK,PROFESSOR X
PROFESSOR X,BLACK PANTHER
PROFESSOR X,IRON MAN
NIGHTCRAWLER,CANNONBALL II
"FURY, COL. NICHOLAS",DR. DOOM
"FURY, COL. NICHOLAS",SPIDER-MAN
"FURY, COL. NICHOLAS",NOVA
"FURY, COL. NICHOLAS",DAREDEVIL
DAREDEVIL,WONDER MAN
DAREDEVIL,DR. DOOM
DAREDEVIL,VISION
DAREDEVIL,NOVA
NOVA,THOR
NOVA,DR. DOOM
NOVA,BEAST
NOVA,IRON MAN
BEAST,DR. DOOM
SPIDER-MAN,DR. DOOM
DR. DOOM,WONDER MAN
HAVOK,BEAST
SPIDER-MAN,PUNISHER II
"JAMESON, J. JONAH",HERCULES [GREEK GOD]
BLACK WIDOW,THING
BLACK WIDOW,DAREDEVIL
DAREDEVIL,BLACK WIDOW
NIGHTCRAWLER,PROFESSOR X
NIGHTCRAWLER,HAVOK
NIGHTCRAWLER,CYCLOPS
SPIDER-MAN,WOLVERINE
DR. STRANGE,IRON MAN
ANT-MAN,DR. DOOM
DR. DOOM,SUB-MARINER
HULK,"FURY, COL. NICHOLAS"
SUB-MARINER,DR. STRANGE
SUB-MARINER,SILVER SURFER
SILVER SURFER,HULK
SILVER SURFER,SUB-MARINER
ROGUE ,CANNONBALL II
GAMBIT,ICEMAN
GAMBIT,STORM
GAMBIT,MARVEL GIRL
GAMBIT,PROFESSOR X
DR. STRANGE,WOLVERINE
DR. STRANGE,COLOSSUS II
DR. STRANGE,NIGHTCRAWLER
PROFESSOR X,MR. FANTASTIC
"FURY, COL. NICHOLAS",STORM
"FURY, COL. NICHOLAS",PROFESSOR X
"FURY, COL. NICHOLAS",ROGUE 
"FURY, COL. NICHOLAS",WOLVERINE
"FURY, COL. NICHOLAS",NIGHTCRAWLER
"FURY, COL. NICHOLAS",COLOSSUS II
"FURY, COL. NICHOLAS",DR. STRANGE
SHE-HULK,DR. STRANGE
DR. STRANGE,STORM
DR. STRANGE,PROFESSOR X
DR. STRANGE,ROGUE 
COLOSSUS II,"JARVIS, EDWIN"
NIGHTCRAWLER,"JARVIS, EDWIN"
WOLVERINE,"JARVIS, EDWIN"
"JARVIS, EDWIN",ROGUE 
ROGUE ,PROFESSOR X
SILVER SURFER,BEAST
BEAST,DR. STRANGE
SILVER SURFER,SCARLET WITCH
SILVER SURFER,VISION
DR. STRANGE,VISION
DR. DOOM,SHE-HULK
SUB-MARINER,HUMAN TORCH
CANNONBALL II,"SUMMERS, NATHAN CHRI"
SPIDER-MAN,HERCULES [GREEK GOD]
NIGHTCRAWLER,GAMBIT
COLOSSUS II,"SUMMERS, NATHAN CHRI"
PROFESSOR X,"SUMMERS, NATHAN CHRI"
GAMBIT,"SUMMERS, NATHAN CHRI"
ROGUE ,GAMBIT
GAMBIT,COLOSSUS II
GAMBIT,NIGHTCRAWLER
CAPTAIN AMERICA,"CAGE, LUKE"
CAPTAIN AMERICA,IRON FIST
BEAST,DAREDEVIL
BEAST,NIGHTCRAWLER
BEAST,COLOSSUS II
BEAST,"CAGE, LUKE"
BEAST,HUMAN TORCH
BEAST,IRON FIST
WASP,"CAGE, LUKE"
WASP,WOLVERINE
WASP,PROFESSOR X
WASP,IRON FIST
INVISIBLE WOMAN,"CAGE, LUKE"
INVISIBLE WOMAN,IRON FIST
IRON FIST,VISION
IRON FIST,SUB-MARINER
IRON FIST,SCARLET WITCH
IRON FIST,HERCULES [GREEK GOD]
IRON FIST,MR. FANTASTIC
IRON FIST,STORM
IRON FIST,DAREDEVIL
IRON FIST,THOR
IRON FIST,NIGHTCRAWLER
IRON FIST,HULK
IRON FIST,COLOSSUS II
IRON FIST,"CAGE, LUKE"
IRON FIST,HUMAN TORCH
IRON FIST,ANGEL
IRON FIST,WOLVERINE
IRON FIST,WONDER MAN
IRON FIST,ANT-MAN
IRON FIST,IRON MAN
IRON FIST,SPIDER-MAN
IRON FIST,QUICKSILVER
IRON FIST,BLACK WIDOW
IRON FIST,DR. STRANGE
IRON FIST,BLACK PANTHER
IRON FIST,PROFESSOR X
IRON FIST,CYCLOPS
CYCLOPS,SUB-MARINER
CYCLOPS,DAREDEVIL
CYCLOPS,"CAGE, LUKE"
CYCLOPS,ANT-MAN
CYCLOPS,QUICKSILVER
CYCLOPS,BLACK WIDOW
CYCLOPS,DR. STRANGE
PROFESSOR X,SUB-MARINER
PROFESSOR X,HERCULES [GREEK GOD]
PROFESSOR X,DAREDEVIL
PROFESSOR X,THOR
PROFESSOR X,"CAGE, LUKE"
PROFESSOR X,ANT-MAN
PROFESSOR X,QUICKSILVER
PROFESSOR X,BLACK WIDOW
BLACK PANTHER,COLOSSUS II
BLACK PANTHER,"CAGE, LUKE"
BLACK PANTHER,DR. STRANGE
DR. STRANGE,THING
DR. STRANGE,HERCULES [GREEK GOD]
DR. STRANGE,MR. FANTASTIC
DR. STRANGE,DAREDEVIL
DR. STRANGE,HUMAN TORCH
DR. STRANGE,ANGEL
DR. STRANGE,WONDER MAN
DR. STRANGE,BLACK WIDOW
BLACK WIDOW,MR. FANTASTIC
BLACK WIDOW,STORM
BLACK WIDOW,NIGHTCRAWLER
BLACK WIDOW,COLOSSUS II
BLACK WIDOW,"CAGE, LUKE"
BLACK WIDOW,HUMAN TORCH
BLACK WIDOW,ANGEL
BLACK WIDOW,WOLVERINE
QUICKSILVER,STORM
QUICKSILVER,DAREDEVIL
QUICKSILVER,NIGHTCRAWLER
QUICKSILVER,COLOSSUS II
QUICKSILVER,"CAGE, LUKE"
SPIDER-MAN,"CAGE, LUKE"
SPIDER-MAN,ANGEL
IRON MAN,"CAGE, LUKE"
ANT-MAN,STORM
ANT-MAN,NIGHTCRAWLER
ANT-MAN,COLOSSUS II
ANT-MAN,"CAGE, LUKE"
ANT-MAN,WOLVERINE
WONDER MAN,"CAGE, LUKE"
WOLVERINE,SUB-MARINER
WOLVERINE,"CAGE, LUKE"
ANGEL,DAREDEVIL
ANGEL,NIGHTCRAWLER
ANGEL,"CAGE, LUKE"
HUMAN TORCH,HERCULES [GREEK GOD]
HUMAN TORCH,"CAGE, LUKE"
"CAGE, LUKE",VISION
"CAGE, LUKE",SUB-MARINER
"CAGE, LUKE",SCARLET WITCH
"CAGE, LUKE",HERCULES [GREEK GOD]
"CAGE, LUKE",MR. FANTASTIC
"CAGE, LUKE",STORM
"CAGE, LUKE",DAREDEVIL
"CAGE, LUKE",THOR
"CAGE, LUKE",NIGHTCRAWLER
"CAGE, LUKE",COLOSSUS II
COLOSSUS II,SUB-MARINER
NIGHTCRAWLER,VISION
NIGHTCRAWLER,SUB-MARINER
NIGHTCRAWLER,HERCULES [GREEK GOD]
NIGHTCRAWLER,DAREDEVIL
THOR,STORM
DAREDEVIL,HERCULES [GREEK GOD]
DAREDEVIL,STORM
SUB-MARINER,THING
THOR,DR. DOOM
"WATSON-PARKER, MARY",PUNISHER II
PUNISHER II,"JAMESON, J. JONAH"
PUNISHER II,"ROBERTSON, JOE"
SUB-MARINER,MR. FANTASTIC
SHE-HULK,HAVOK
ROGUE ,THOR
ROGUE ,SUB-MARINER
HAVOK,THOR
HAVOK,SUB-MARINER
SUB-MARINER,STORM
CAPTAIN AMERICA,"SUMMERS, NATHAN CHRI"
"SUMMERS, NATHAN CHRI",WOLVERINE
"SUMMERS, NATHAN CHRI",CAPTAIN AMERICA
"FURY, COL. NICHOLAS",THING
"JARVIS, EDWIN",WOLVERINE
INVISIBLE WOMAN,"FURY, COL. NICHOLAS"
"FURY, COL. NICHOLAS",MR. FANTASTIC
"FURY, COL. NICHOLAS",INVISIBLE WOMAN
"FURY, COL. NICHOLAS",HUMAN TORCH
MR. FANTASTIC,"FURY, COL. NICHOLAS"
ANGEL,QUICKSILVER
ICEMAN,QUICKSILVER
HERCULES [GREEK GOD],DR. DOOM
CAPTAIN AMERICA,MARVEL GIRL
CYCLOPS,WASP
THOR,ICEMAN
THOR,MARVEL GIRL
ANT-MAN,MARVEL GIRL
WASP,MARVEL GIRL
MARVEL GIRL,QUICKSILVER
SUB-MARINER,ICEMAN
SUB-MARINER,MARVEL GIRL
SUB-MARINER,ANGEL
SUB-MARINER,PROFESSOR X
CAPTAIN AMERICA,"ROBERTSON, JOE"
"FURY, COL. NICHOLAS","ROBERTSON, JOE"
"ROBERTSON, JOE",IRON MAN
"JAMESON, J. JONAH","FURY, COL. NICHOLAS"
HULK,"CAGE, LUKE"
MARVEL GIRL,"FURY, COL. NICHOLAS"
"FURY, COL. NICHOLAS","SUMMERS, NATHAN CHRI"
"SUMMERS, NATHAN CHRI",THOR
"SUMMERS, NATHAN CHRI",SCARLET WITCH
PROFESSOR X,HAVOK
CAPTAIN AMERICA,"WATSON-PARKER, MARY"
SCARLET WITCH,"WATSON-PARKER, MARY"
THOR,"WATSON-PARKER, MARY"
THOR,"ROBERTSON, JOE"
VISION,"JAMESON, J. JONAH"
VISION,"WATSON-PARKER, MARY"
VISION,"ROBERTSON, JOE"
MR. FANTASTIC,"WATSON-PARKER, MARY"
MR. FANTASTIC,"ROBERTSON, JOE"
THING,"WATSON-PARKER, MARY"
"ROBERTSON, JOE",INVISIBLE WOMAN
"ROBERTSON, JOE",DAREDEVIL
HUMAN TORCH,"WATSON-PARKER, MARY"
"WATSON-PARKER, MARY",IRON MAN
"WATSON-PARKER, MARY","JARVIS, EDWIN"
"JARVIS, EDWIN",DAREDEVIL
"JARVIS, EDWIN","JAMESON, J. JONAH"
DAREDEVIL,"CAGE, LUKE"
DAREDEVIL,IRON FIST
"JAMESON, J. JONAH","CAGE, LUKE"
"JAMESON, J. JONAH",IRON FIST
DR. DOOM,BLACK PANTHER
HUMAN TORCH,BLACK PANTHER
BLACK PANTHER,DR. DOOM
BLACK PANTHER,INVISIBLE WOMAN
BLACK WIDOW,PROFESSOR X
BLACK WIDOW,ROGUE 
BLACK WIDOW,INVISIBLE WOMAN
BLACK WIDOW,NOVA
BLACK WIDOW,CYCLOPS
BLACK WIDOW,HAVOK
BLACK WIDOW,MARVEL GIRL
BLACK WIDOW,SILVER SURFER
BLACK WIDOW,DR. STRANGE
DR. STRANGE,INVISIBLE WOMAN
DR. STRANGE,NOVA
DR. STRANGE,HAVOK
DR. STRANGE,MARVEL GIRL
WONDER MAN,SILVER SURFER
SILVER SURFER,PROFESSOR X
SILVER SURFER,MR. FANTASTIC
SILVER SURFER,ROGUE 
SILVER SURFER,HERCULES [GREEK GOD]
SILVER SURFER,CYCLOPS
SILVER SURFER,COLOSSUS II
SILVER SURFER,HAVOK
SILVER SURFER,MARVEL GIRL
SILVER SURFER,STORM
SILVER SURFER,ANGEL
SILVER SURFER,DAREDEVIL
DAREDEVIL,WOLVERINE
DAREDEVIL,PROFESSOR X
DAREDEVIL,ROGUE 
DAREDEVIL,COLOSSUS II
DAREDEVIL,SHE-HULK
DAREDEVIL,HAVOK
DAREDEVIL,MARVEL GIRL
STORM,IRON MAN
HAVOK,IRON MAN
IRON MAN,PROFESSOR X
IRON MAN,ROGUE 
COLOSSUS II,NOVA
"FURY, COL. NICHOLAS",ICEMAN
"FURY, COL. NICHOLAS",ANGEL
HUMAN TORCH,SILVER SURFER
DR. DOOM,SILVER SURFER
BLACK WIDOW,"JAMESON, J. JONAH"
NOVA,WASP
NOVA,BLACK PANTHER
NOVA,"JAMESON, J. JONAH"
NOVA,"FURY, COL. NICHOLAS"
NOVA,DAREDEVIL
NOVA,ANT-MAN
NOVA,SUB-MARINER
SUB-MARINER,BLACK PANTHER
SUB-MARINER,"FURY, COL. NICHOLAS"
WONDER MAN,"JAMESON, J. JONAH"
ANT-MAN,"FURY, COL. NICHOLAS"
SPIDER-MAN,"FURY, COL. NICHOLAS"
DAREDEVIL,BLACK PANTHER
DAREDEVIL,"FURY, COL. NICHOLAS"
"FURY, COL. NICHOLAS","JAMESON, J. JONAH"
"JAMESON, J. JONAH",SCARLET WITCH
"JAMESON, J. JONAH",BLACK PANTHER
SILVER SURFER,SPIDER-MAN
DAREDEVIL,"WATSON-PARKER, MARY"
HAWK,ICEMAN
HUMAN TORCH,BLACK WIDOW
ICEMAN,DR. DOOM
"JAMESON, J. JONAH",HAWK
"JAMESON, J. JONAH",SHE-HULK
"JAMESON, J. JONAH",WONDER MAN
SUB-MARINER,"JARVIS, EDWIN"
"JARVIS, EDWIN",DR. DOOM
BEAST,CANNONBALL II
HUMAN TORCH,CANNONBALL II
MR. FANTASTIC,CANNONBALL II
CANNONBALL II,THING
CANNONBALL II,INVISIBLE WOMAN
DAREDEVIL,"JARVIS, EDWIN"
IRON FIST,SHE-HULK
SHE-HULK,"CAGE, LUKE"
"CAGE, LUKE",SHE-HULK
SHE-HULK,IRON FIST
HERCULES [GREEK GOD],IRON FIST
HERCULES [GREEK GOD],"CAGE, LUKE"
"CAGE, LUKE",INVISIBLE WOMAN
"CAGE, LUKE",HUMAN TORCH
NOVA,BLACK WIDOW
INVISIBLE WOMAN,CANNONBALL II
CAPTAIN AMERICA,CANNONBALL II
GAMBIT,CYCLOPS
QUICKSILVER,HAVOK
HAVOK,QUICKSILVER
PROFESSOR X,"FURY, COL. NICHOLAS"
ICEMAN,"FURY, COL. NICHOLAS"
ROGUE ,BEAST
ROGUE ,MARVEL GIRL
ROGUE ,"FURY, COL. NICHOLAS"
"FURY, COL. NICHOLAS",CYCLOPS
"FURY, COL. NICHOLAS",GAMBIT
"FURY, COL. NICHOLAS",MARVEL GIRL
GAMBIT,ANGEL
ROGUE ,ICEMAN
COLOSSUS II,"FURY, COL. NICHOLAS"
WOLVERINE,MARVEL GIRL
WOLVERINE,"FURY, COL. NICHOLAS"
CYCLOPS,"FURY, COL. NICHOLAS"
STORM,"FURY, COL. NICHOLAS"
GAMBIT,"FURY, COL. NICHOLAS"
"JAMESON, J. JONAH",ANT-MAN
"WATSON-PARKER, MARY",DR. STRANGE
"CAGE, LUKE",DR. DOOM
ICEMAN,"ROBERTSON, JOE"
HAWK,MARVEL GIRL
ICEMAN,DAREDEVIL
BEAST,"JAMESON, J. JONAH"
CYCLOPS,"JARVIS, EDWIN"
CYCLOPS,"JAMESON, J. JONAH"
MARVEL GIRL,"JARVIS, EDWIN"
ANGEL,"JAMESON, J. JONAH"
"CAGE, LUKE","FURY, COL. NICHOLAS"
MARVEL GIRL,NIGHTCRAWLER
"JAMESON, J. JONAH",HAVOK
"JAMESON, J. JONAH",WOLVERINE
"WATSON-PARKER, MARY",HAVOK
"WATSON-PARKER, MARY",STORM
"WATSON-PARKER, MARY",WOLVERINE
SPIDER-MAN,HAVOK
ANT-MAN,PROFESSOR X
WONDER MAN,GAMBIT
WONDER MAN,DR. STRANGE
DR. STRANGE,GAMBIT
CAPTAIN AMERICA,GAMBIT
CAPTAIN AMERICA,HAVOK
BLACK WIDOW,ICEMAN
BLACK WIDOW,GAMBIT
BLACK WIDOW,DR. DOOM
HAVOK,ANT-MAN
HAVOK,GAMBIT
HAVOK,SPIDER-MAN
SCARLET WITCH,GAMBIT
SPIDER-MAN,MARVEL GIRL
SPIDER-MAN,GAMBIT
DR. DOOM,ANGEL
DR. DOOM,COLOSSUS II
DR. DOOM,NOVA
DR. DOOM,STORM
DR. DOOM,ICEMAN
DR. DOOM,ROGUE 
DR. DOOM,MARVEL GIRL
DR. DOOM,HERCULES [GREEK GOD]
DR. DOOM,QUICKSILVER
DR. DOOM,GAMBIT
DR. DOOM,BEAST
GAMBIT,MR. FANTASTIC
GAMBIT,NOVA
GAMBIT,ANT-MAN
GAMBIT,HERCULES [GREEK GOD]
GAMBIT,QUICKSILVER
GAMBIT,VISION
GAMBIT,IRON MAN
WOLVERINE,ANT-MAN
WOLVERINE,QUICKSILVER
QUICKSILVER,NOVA
QUICKSILVER,ROGUE 
ROGUE ,ANT-MAN
ANT-MAN,NOVA
WOLVERINE,BLACK WIDOW
WOLVERINE,SILVER SURFER
WOLVERINE,DR. STRANGE
ROGUE ,BLACK WIDOW
ROGUE ,SILVER SURFER
ROGUE ,WONDER MAN
ROGUE ,SPIDER-MAN
ROGUE ,QUICKSILVER
ROGUE ,HAWK
ROGUE ,HERCULES [GREEK GOD]
ROGUE ,WASP
ROGUE ,DAREDEVIL
CYCLOPS,DR. DOOM
CYCLOPS,HAWK
VISION,GAMBIT
VISION,HAVOK
COLOSSUS II,BLACK WIDOW
COLOSSUS II,SILVER SURFER
COLOSSUS II,WONDER MAN
COLOSSUS II,QUICKSILVER
COLOSSUS II,ANT-MAN
DAREDEVIL,GAMBIT
DAREDEVIL,SILVER SURFER
WASP,GAMBIT
WASP,SILVER SURFER
WASP,NOVA
WASP,HAVOK
ANGEL,DR. DOOM
ANGEL,HAWK
ANT-MAN,GAMBIT
ANT-MAN,SILVER SURFER
ANT-MAN,HAVOK
HERCULES [GREEK GOD],GAMBIT
HERCULES [GREEK GOD],SILVER SURFER
HERCULES [GREEK GOD],DR. STRANGE
HAWK,GAMBIT
HAWK,NOVA
HAWK,DR. STRANGE
HAWK,HAVOK
HAWK,STORM
STORM,BLACK WIDOW
STORM,QUICKSILVER
HAVOK,BLACK WIDOW
HAVOK,SILVER SURFER
HAVOK,DR. STRANGE
DR. DOOM,BLACK WIDOW
DR. DOOM,PROFESSOR X
DR. DOOM,HULK
DR. DOOM,DR. STRANGE
QUICKSILVER,GAMBIT
QUICKSILVER,DR. STRANGE
SPIDER-MAN,BLACK WIDOW
SPIDER-MAN,SILVER SURFER
SHE-HULK,GAMBIT
SHE-HULK,BLACK WIDOW
SHE-HULK,SILVER SURFER
MARVEL GIRL,BLACK WIDOW
NOVA,GAMBIT
NOVA,SILVER SURFER
HULK,GAMBIT
HULK,BLACK WIDOW
INVISIBLE WOMAN,GAMBIT
SILVER SURFER,GAMBIT
SILVER SURFER,ICEMAN
SILVER SURFER,BLACK WIDOW
THING,GAMBIT
HUMAN TORCH,GAMBIT
ANT-MAN,ROGUE 
PROFESSOR X,SILVER SURFER
PROFESSOR X,DR. DOOM
PROFESSOR X,HAWK
QUICKSILVER,DR. DOOM
HAWK,WOLVERINE
HAWK,ROGUE 
HAWK,COLOSSUS II
MARVEL GIRL,DR. DOOM
NOVA,DR. STRANGE
HULK,HAVOK
DR. DOOM,HAVOK
GAMBIT,DAREDEVIL
GAMBIT,HAVOK
GAMBIT,WASP
GAMBIT,HUMAN TORCH
GAMBIT,SPIDER-MAN
GAMBIT,WONDER MAN
GAMBIT,BLACK WIDOW
GAMBIT,SCARLET WITCH
GAMBIT,SILVER SURFER
ICEMAN,HAVOK
HERCULES [GREEK GOD],DAREDEVIL
HAVOK,DAREDEVIL
BEAST,HAVOK
GAMBIT,INVISIBLE WOMAN
GAMBIT,THING
GAMBIT,HULK
GAMBIT,SHE-HULK
STORM,ANT-MAN
ICEMAN,SILVER SURFER
MR. FANTASTIC,HAVOK
MR. FANTASTIC,GAMBIT
"SUMMERS, NATHAN CHRI",HULK
THOR,GAMBIT
GAMBIT,CAPTAIN AMERICA
IRON MAN,IRON FIST
IRON FIST,CAPTAIN AMERICA
"CAGE, LUKE",WOLVERINE
"CAGE, LUKE",CAPTAIN AMERICA
WOLVERINE,IRON FIST
SCARLET WITCH,"CAGE, LUKE"
SCARLET WITCH,IRON FIST
VISION,"CAGE, LUKE"
VISION,IRON FIST
MR. FANTASTIC,"CAGE, LUKE"
THOR,SILVER SURFER
SPIDER-MAN,CANNONBALL II
SPIDER-MAN,"SUMMERS, NATHAN CHRI"
"SUMMERS, NATHAN CHRI",CANNONBALL II
"SUMMERS, NATHAN CHRI",HUMAN TORCH
"SUMMERS, NATHAN CHRI",STORM
"SUMMERS, NATHAN CHRI",THING
"SUMMERS, NATHAN CHRI",MR. FANTASTIC
"SUMMERS, NATHAN CHRI",DR. STRANGE
"SUMMERS, NATHAN CHRI",INVISIBLE WOMAN
"SUMMERS, NATHAN CHRI",GAMBIT
GAMBIT,CANNONBALL II
GAMBIT,DR. STRANGE
DR. STRANGE,CANNONBALL II
CYCLOPS,CANNONBALL II
THING,CANNONBALL II
MARVEL GIRL,CANNONBALL II
NOVA,CANNONBALL II
NOVA,"SUMMERS, NATHAN CHRI"
CANNONBALL II,QUICKSILVER
HAVOK,"SUMMERS, NATHAN CHRI"
CANNONBALL II,GAMBIT
CANNONBALL II,ANGEL
QUICKSILVER,"SUMMERS, NATHAN CHRI"
BEAST,"SUMMERS, NATHAN CHRI"
"SUMMERS, NATHAN CHRI",ANGEL
QUICKSILVER,"FURY, COL. NICHOLAS"
HERCULES [GREEK GOD],"FURY, COL. NICHOLAS"
DAREDEVIL,PUNISHER II
PUNISHER II,DAREDEVIL
WOLVERINE,PUNISHER II
PUNISHER II,BLACK WIDOW
"SUMMERS, NATHAN CHRI",PROFESSOR X
BLACK WIDOW,PUNISHER II
ANT-MAN,PUNISHER II
NOVA,QUICKSILVER
THING,"CAGE, LUKE"
QUICKSILVER,IRON FIST
INVISIBLE WOMAN,"SUMMERS, NATHAN CHRI"
WOLVERINE,IRON MAN
WASP,CANNONBALL II
THOR,ROGUE 
THOR,CANNONBALL II
THOR,COLOSSUS II
THOR,NIGHTCRAWLER
SHE-HULK,CANNONBALL II
HERCULES [GREEK GOD],CANNONBALL II
HERCULES [GREEK GOD],NIGHTCRAWLER
NIGHTCRAWLER,HAWK
NIGHTCRAWLER,IRON MAN
NIGHTCRAWLER,WONDER MAN
COLOSSUS II,IRON MAN
CANNONBALL II,HAWK
CANNONBALL II,IRON MAN
CANNONBALL II,WONDER MAN
HUMAN TORCH,IRON FIST
SPIDER-MAN,IRON FIST
ROGUE ,IRON MAN
SUB-MARINER,CANNONBALL II
CANNONBALL II,HULK
CANNONBALL II,HERCULES [GREEK GOD]
CANNONBALL II,SHE-HULK
CANNONBALL II,THOR
CANNONBALL II,"CAGE, LUKE"
CANNONBALL II,SILVER SURFER
CANNONBALL II,MR. FANTASTIC
CANNONBALL II,HUMAN TORCH
CANNONBALL II,SUB-MARINER
ROGUE ,"CAGE, LUKE"
COLOSSUS II,"CAGE, LUKE"
SUB-MARINER,"CAGE, LUKE"
STORM,"CAGE, LUKE"
SILVER SURFER,"CAGE, LUKE"
SILVER SURFER,HAWK
HAWK,"CAGE, LUKE"
"CAGE, LUKE",WONDER MAN
"CAGE, LUKE",SPIDER-MAN
HULK,IRON FIST
SHE-HULK,PUNISHER II
"CAGE, LUKE",PUNISHER II
PUNISHER II,IRON FIST
SUB-MARINER,PUNISHER II
SUB-MARINER,IRON FIST
IRON FIST,PUNISHER II
PUNISHER II,"CAGE, LUKE"
"ROBERTSON, JOE",SUB-MARINER
"ROBERTSON, JOE",PUNISHER II
"JARVIS, EDWIN",HULK
"SUMMERS, NATHAN CHRI",ROGUE 
IRON MAN,"SUMMERS, NATHAN CHRI"
NIGHTCRAWLER,ICEMAN
DR. STRANGE,"FURY, COL. NICHOLAS"
PUNISHER II,DR. DOOM
DR. DOOM,PUNISHER II
SUB-MARINER,BLACK WIDOW
"WATSON-PARKER, MARY",DR. DOOM
"JAMESON, J. JONAH",DR. DOOM
"ROBERTSON, JOE",DR. DOOM
"FURY, COL. NICHOLAS",BLACK WIDOW
"ROBERTSON, JOE",THING
HULK,"ROBERTSON, JOE"
SUB-MARINER,"WATSON-PARKER, MARY"
WASP,"FURY, COL. NICHOLAS"
HUMAN TORCH,"ROBERTSON, JOE"
"ROBERTSON, JOE",GAMBIT
GAMBIT,"JAMESON, J. JONAH"
"WATSON-PARKER, MARY",THOR
"WATSON-PARKER, MARY",SHE-HULK
"WATSON-PARKER, MARY",CAPTAIN AMERICA
IRON FIST,WASP
THOR,"CAGE, LUKE"
"CAGE, LUKE",WASP
NIGHTCRAWLER,QUICKSILVER
NIGHTCRAWLER,BEAST
CYCLOPS,IRON FIST
COLOSSUS II,IRON FIST
DAREDEVIL,"ROBERTSON, JOE"
"WATSON-PARKER, MARY",BEAST
"ROBERTSON, JOE",BEAST
ICEMAN,NIGHTCRAWLER
NIGHTCRAWLER,MARVEL GIRL
NIGHTCRAWLER,ANGEL
NIGHTCRAWLER,SILVER SURFER
STORM,"JARVIS, EDWIN"
"JARVIS, EDWIN",CYCLOPS
"FURY, COL. NICHOLAS",QUICKSILVER
BLACK PANTHER,CYCLOPS
BLACK PANTHER,"FURY, COL. NICHOLAS"
HAWK,"WATSON-PARKER, MARY"
WASP,"WATSON-PARKER, MARY"
ANT-MAN,"WATSON-PARKER, MARY"
"WATSON-PARKER, MARY",HERCULES [GREEK GOD]
ANGEL,"FURY, COL. NICHOLAS"
NIGHTCRAWLER,"FURY, COL. NICHOLAS"
"JARVIS, EDWIN",NOVA
THOR,NOVA
ICEMAN,CANNONBALL II
DAREDEVIL,"SUMMERS, NATHAN CHRI"
"SUMMERS, NATHAN CHRI",BLACK PANTHER
DR. STRANGE,BLACK PANTHER
MARVEL GIRL,BLACK PANTHER
"JARVIS, EDWIN",ICEMAN
"JARVIS, EDWIN",MR. FANTASTIC
BEAST,"FURY, COL. NICHOLAS"
BLACK PANTHER,ICEMAN
QUICKSILVER,CANNONBALL II
"SUMMERS, NATHAN CHRI",QUICKSILVER
NIGHTCRAWLER,IRON FIST
PROFESSOR X,IRON FIST
IRON FIST,"FURY, COL. NICHOLAS"
"FURY, COL. NICHOLAS","CAGE, LUKE"
MR. FANTASTIC,IRON FIST
THING,IRON FIST
IRON FIST,INVISIBLE WOMAN
"FURY, COL. NICHOLAS",SUB-MARINER
SUB-MARINER,NOVA
NOVA,"JARVIS, EDWIN"
DR. DOOM,"FURY, COL. NICHOLAS"
DR. DOOM,"JARVIS, EDWIN"
ICEMAN,"WATSON-PARKER, MARY"
MARVEL GIRL,"ROBERTSON, JOE"
MARVEL GIRL,"WATSON-PARKER, MARY"
"WATSON-PARKER, MARY",ANGEL
"WATSON-PARKER, MARY",CYCLOPS
CYCLOPS,"ROBERTSON, JOE"
BEAST,"ROBERTSON, JOE"
"ROBERTSON, JOE",ANGEL
"WATSON-PARKER, MARY",WASP
"ROBERTSON, JOE",WASP
NIGHTCRAWLER,HULK
DR. STRANGE,"JAMESON, J. JONAH"
"JAMESON, J. JONAH",PROFESSOR X
DR. STRANGE,"WATSON-PARKER, MARY"
"CAGE, LUKE",QUICKSILVER
"CAGE, LUKE",ANT-MAN
"CAGE, LUKE",HAWK
PROFESSOR X,"JARVIS, EDWIN"
"JARVIS, EDWIN",NIGHTCRAWLER
"WATSON-PARKER, MARY","CAGE, LUKE"
CAPTAIN AMERICA,PUNISHER II
"CAGE, LUKE","JARVIS, EDWIN"
"CAGE, LUKE",BLACK WIDOW
CANNONBALL II,BLACK WIDOW
DR. STRANGE,PUNISHER II
HUMAN TORCH,PUNISHER II
INVISIBLE WOMAN,PUNISHER II
PUNISHER II,DR. STRANGE
"ROBERTSON, JOE",CANNONBALL II
SUB-MARINER,ROGUE 
"CAGE, LUKE",BLACK PANTHER
BLACK PANTHER,IRON FIST
SCARLET WITCH,CANNONBALL II
CANNONBALL II,ANT-MAN
"JARVIS, EDWIN",DR. STRANGE
NIGHTCRAWLER,SHE-HULK
NIGHTCRAWLER,WASP
THOR,WOLVERINE
"CAGE, LUKE",BEAST
NOVA,"WATSON-PARKER, MARY"
NOVA,PUNISHER II
"SUMMERS, NATHAN CHRI",NOVA
CANNONBALL II,NOVA
SILVER SURFER,NIGHTCRAWLER
"SUMMERS, NATHAN CHRI",NIGHTCRAWLER
NIGHTCRAWLER,"SUMMERS, NATHAN CHRI"
HAVOK,IRON FIST
NOVA,IRON FIST
IRON FIST,HAVOK
CANNONBALL II,"JARVIS, EDWIN"
"WATSON-PARKER, MARY",MARVEL GIRL
PUNISHER II,THOR
MARVEL GIRL,HAWK
NIGHTCRAWLER,ANT-MAN
"ROBERTSON, JOE",DR. STRANGE
HAWK,"JAMESON, J. JONAH"
HAWK,"ROBERTSON, JOE"
WASP,"ROBERTSON, JOE"
"SUMMERS, NATHAN CHRI",SPIDER-MAN
"JARVIS, EDWIN","ROBERTSON, JOE"
"ROBERTSON, JOE",THOR
BEAST,"WATSON-PARKER, MARY"
"JARVIS, EDWIN",SILVER SURFER
"JARVIS, EDWIN","WATSON-PARKER, MARY"
"WATSON-PARKER, MARY",SILVER SURFER
"WATSON-PARKER, MARY",WONDER MAN
"WATSON-PARKER, MARY",ANT-MAN
"WATSON-PARKER, MARY",VISION
MR. FANTASTIC,"SUMMERS, NATHAN CHRI"
THING,"SUMMERS, NATHAN CHRI"
HUMAN TORCH,"SUMMERS, NATHAN CHRI"
COLOSSUS II,PUNISHER II
COLOSSUS II,"JAMESON, J. JONAH"
COLOSSUS II,"ROBERTSON, JOE"
NIGHTCRAWLER,PUNISHER II
NIGHTCRAWLER,"JAMESON, J. JONAH"
CANNONBALL II,"JAMESON, J. JONAH"
"JARVIS, EDWIN","CAGE, LUKE"
WOLVERINE,BLACK PANTHER
IRON FIST,HAWK
IRON FIST,BEAST
IRON FIST,ICEMAN
THOR,HAVOK
ICEMAN,"CAGE, LUKE"
ICEMAN,DR. STRANGE
COLOSSUS II,BLACK PANTHER
NIGHTCRAWLER,BLACK WIDOW
NIGHTCRAWLER,"CAGE, LUKE"
NIGHTCRAWLER,BLACK PANTHER
SUB-MARINER,HAVOK
STORM,BLACK PANTHER
HAVOK,"CAGE, LUKE"
HAVOK,BLACK PANTHER
BLACK PANTHER,PROFESSOR X
"CAGE, LUKE",CYCLOPS
"CAGE, LUKE",ANGEL
HERCULES [GREEK GOD],"ROBERTSON, JOE"
HERCULES [GREEK GOD],"JAMESON, J. JONAH"
HAWK,"SUMMERS, NATHAN CHRI"
"JAMESON, J. JONAH",VISION
"JAMESON, J. JONAH",GAMBIT
"JAMESON, J. JONAH",QUICKSILVER
"JAMESON, J. JONAH","SUMMERS, NATHAN CHRI"
"JAMESON, J. JONAH",BLACK WIDOW
"JARVIS, EDWIN","SUMMERS, NATHAN CHRI"
HULK,"SUMMERS, NATHAN CHRI"
SCARLET WITCH,"SUMMERS, NATHAN CHRI"
BLACK WIDOW,"ROBERTSON, JOE"
BLACK WIDOW,"SUMMERS, NATHAN CHRI"
THOR,"SUMMERS, NATHAN CHRI"
ROGUE ,"ROBERTSON, JOE"
ROGUE ,BLACK PANTHER
"SUMMERS, NATHAN CHRI",DR. DOOM
"SUMMERS, NATHAN CHRI","ROBERTSON, JOE"
"SUMMERS, NATHAN CHRI",SUB-MARINER
"SUMMERS, NATHAN CHRI",VISION
"SUMMERS, NATHAN CHRI",WASP
"SUMMERS, NATHAN CHRI",ANT-MAN
QUICKSILVER,"ROBERTSON, JOE"
ANT-MAN,"ROBERTSON, JOE"
BLACK PANTHER,"ROBERTSON, JOE"
BLACK PANTHER,GAMBIT
STORM,"ROBERTSON, JOE"
GAMBIT,DR. DOOM
GAMBIT,"ROBERTSON, JOE"
GAMBIT,SUB-MARINER
PROFESSOR X,"ROBERTSON, JOE"
SUB-MARINER,"ROBERTSON, JOE"
"ROBERTSON, JOE",ICEMAN
SUB-MARINER,SUB-MARINER
"CAGE, LUKE","WATSON-PARKER, MARY"
SUB-MARINER,"SUMMERS, NATHAN CHRI"
DR. STRANGE,"SUMMERS, NATHAN CHRI"
"SUMMERS, NATHAN CHRI",HERCULES [GREEK GOD]
"SUMMERS, NATHAN CHRI",WONDER MAN
"WATSON-PARKER, MARY",BLACK WIDOW
"WATSON-PARKER, MARY",BLACK PANTHER
"WATSON-PARKER, MARY",SUB-MARINER
PUNISHER II,SUB-MARINER
IRON MAN,"ROBERTSON, JOE"
"WATSON-PARKER, MARY",PROFESSOR X
"ROBERTSON, JOE",PROFESSOR X
CAPTAIN AMERICA,CAPTAIN AMERICA
PUNISHER II,HULK
PUNISHER II,HERCULES [GREEK GOD]
HAWK,CANNONBALL II
HAVOK,"FURY, COL. NICHOLAS"
BLACK WIDOW,"WATSON-PARKER, MARY"
IRON FIST,"JARVIS, EDWIN"
"ROBERTSON, JOE","FURY, COL. NICHOLAS"
"SUMMERS, NATHAN CHRI",SHE-HULK
PUNISHER II,"JARVIS, EDWIN"
"ROBERTSON, JOE",ANT-MAN
BLACK PANTHER,"JAMESON, J. JONAH"
THOR,IRON FIST
ICEMAN,IRON FIST
IRON FIST,"JAMESON, J. JONAH"
IRON FIST,SILVER SURFER
"CAGE, LUKE","JAMESON, J. JONAH"
"CAGE, LUKE",SILVER SURFER
SILVER SURFER,QUICKSILVER
SILVER SURFER,"JAMESON, J. JONAH"
SILVER SURFER,"FURY, COL. NICHOLAS"
STORM,IRON FIST
"CAGE, LUKE",PROFESSOR X
WONDER MAN,IRON FIST
HAWK,IRON FIST
PROFESSOR X,"JAMESON, J. JONAH"
SHE-HULK,"ROBERTSON, JOE"
"FURY, COL. NICHOLAS",SILVER SURFER
HULK,CANNONBALL II
"ROBERTSON, JOE",SILVER SURFER
"JAMESON, J. JONAH",SILVER SURFER
SILVER SURFER,ANT-MAN
BLACK WIDOW,IRON FIST
IRON FIST,ROGUE 
"CAGE, LUKE",ROGUE 
VISION,PUNISHER II
SCARLET WITCH,PUNISHER II
"ROBERTSON, JOE",BLACK PANTHER
"JARVIS, EDWIN",PUNISHER II
IRON MAN,PUNISHER II
WASP,PUNISHER II
WONDER MAN,PUNISHER II
SUB-MARINER,GAMBIT
NIGHTCRAWLER,NOVA
BLACK PANTHER,ROGUE 
"CAGE, LUKE","ROBERTSON, JOE"
"ROBERTSON, JOE",IRON FIST
DR. STRANGE,"ROBERTSON, JOE"
ANGEL,IRON FIST
ROGUE ,IRON FIST
VISION,"SUMMERS, NATHAN CHRI"
WONDER MAN,"SUMMERS, NATHAN CHRI"
"SUMMERS, NATHAN CHRI","JAMESON, J. JONAH"
"SUMMERS, NATHAN CHRI","FURY, COL. NICHOLAS"
"SUMMERS, NATHAN CHRI",IRON MAN
CANNONBALL II,"FURY, COL. NICHOLAS"
QUICKSILVER,"JAMESON, J. JONAH"
STORM,"JAMESON, J. JONAH"
ROGUE ,"JAMESON, J. JONAH"
HAVOK,"JAMESON, J. JONAH"
"ROBERTSON, JOE",VISION
SILVER SURFER,"WATSON-PARKER, MARY"
IRON FIST,NOVA
HERCULES [GREEK GOD],"WATSON-PARKER, MARY"
"ROBERTSON, JOE",HAWK
"ROBERTSON, JOE",HERCULES [GREEK GOD]
"ROBERTSON, JOE",SCARLET WITCH
"ROBERTSON, JOE",WONDER MAN
"ROBERTSON, JOE",QUICKSILVER
"ROBERTSON, JOE",SHE-HULK
"JARVIS, EDWIN",CANNONBALL II
NOVA,"CAGE, LUKE"
"ROBERTSON, JOE",WOLVERINE
GAMBIT,THOR
GAMBIT,HAWK
"JAMESON, J. JONAH",MARVEL GIRL
DR. DOOM,"WATSON-PARKER, MARY"
DR. DOOM,IRON FIST
IRON FIST,DR. DOOM
DR. DOOM,"CAGE, LUKE"
SILVER SURFER,BLACK PANTHER
"JARVIS, EDWIN",MARVEL GIRL
PUNISHER II,NIGHTCRAWLER
"WATSON-PARKER, MARY",NIGHTCRAWLER
"ROBERTSON, JOE",NIGHTCRAWLER
CYCLOPS,"WATSON-PARKER, MARY"
PUNISHER II,BEAST
PUNISHER II,CYCLOPS
PUNISHER II,"SUMMERS, NATHAN CHRI"
PUNISHER II,HAVOK
PUNISHER II,CANNONBALL II
PUNISHER II,GAMBIT
PUNISHER II,ICEMAN
SHE-HULK,"SUMMERS, NATHAN CHRI"
"FURY, COL. NICHOLAS",CANNONBALL II
"WATSON-PARKER, MARY","FURY, COL. NICHOLAS"
"ROBERTSON, JOE","CAGE, LUKE"
